date,location,source,source_url,text,title
17.07.2021 14:59:00,Россия,Пользователи сайта 123ru.net,https://123ru.net/smi/users/290172262/,"Чемпионат Европы по футболу закончился без допинговых скандалов, чего нельзя сказать о предстоящих Олимпийских играх в Токио, которые пройдут с 23 июля по 8 августа 2021 года.Лучшая спортсменка сборной США по легкой атлетике Ша’Кэрри Ричардсон отстранена на месяц за положительный допинг-тест на каннабис, который она сдала во время американского отбора 19 июня.Совсем недавно, за употребление марихуаны она могла получить четыре года дисквалификации, но с этого года правила Всемирного антидопингового агентства (ВАДА) изменились. Если спортсмен смог доказать, что применение каннабиса не повлияло на его спортивный результат, наказание составит три месяца, а в случае, когда спортсмен признаёт свою вину и проходит программу реабилитации, наказание сокращается до одного месяца.Выглядит так, что сам факт употребления наркотических средств спортсменом - олимпийцем, который должен быть примером, теперь не так уж и страшен - главное, чтобы это не влияло на спортивный результат и у всех спортсменов были равные шансы. Метаморфоза весьма дикая, не правда ли?В здравомыслящем обществе подобные вещи пресекаются и, как минимум, осуждаются и не одобряются. К примеру, в Японии человек, уличенный в употреблении наркотиков, немедленнообъявляется изгоем. В случае с Ричардсон больше полумиллиона пользователей соцсетей высказали ей свою поддержку, The New York Times в своих публикациях счел запрет марихуаны жестоким, а её спонсор фирма ""Найк"" заявила, что продолжит сотрудничать с легкоатлеткой.Больше всех удивляет Федерация легкой атлетики США (USATF), которая поддержала спортсменку и заявила, что правила относительно марихуаны в спорте должны быть изменены. Вариантов не так уж и много. И если сейчас она запрещена, то, скорее всего, произойдет обратное.Тренд на легализацию наркотиков американский бизнес взял давно. Прикормленные СМИ в разных форматах рекламируют любые наркотики, будь то героин или марихуана. Но особенно отвратительно, когда к этой кампании подключают известных спортсменов, которые, по идее, должны воплощать собой здоровый образ жизни.России в этом вопросе есть чем гордиться.Президент РФ В.В. Путин еще в 2013 году категорически высказался о легализации марихуаны в нашей стране. — ""Смысл этой легализации заключался в том, чтобы оттащить людей от тяжелых наркотиков. Практика показывает, что этого не происходит, а наоборот — это только как первый шаг к тяжелым, к тяжелой зависимости. И нам не нужно этого делать"".Противодействовать распространению наркотиков в России планируется с помощью «создания условий для формирования идеологии антинаркотического поведения на основе российских традиционных духовно-нравственных ценностей, культуры народов России».В достижении этой цели задействовано большое количество различных антинаркотических фондов, союзов, движений. И среди них особое место занимает благотворительный фонд ""Защити детей от наркотиков"". Фонд занимается первичной профилактикой и только за последние 3 года волонтеры распространили в Москве более 4 миллионов просветительских брошюр ""Правда о наркотиках"".",США проиграла в войне с наркотиками. Россия не сдается
17.07.2021 14:45:00,Карелия,Столица на онего (Петрозаводск),https://stolicaonego.ru/news/glava-karelii-otsenil-rekonstruktsiju-avtovokzala-v-petrozavodske/,"Реконструкция автовокзала в Петрозаводске завершена примерно на 50%,заявилАртур Парфенчиков в соцсети. До этого он посетил объект с инспекцией.Парфенчиков сообщил, что на территории появятся зоны предрейсового и послерейсового осмотра транспорта на пять смотровых ям, помещения для сотрудников, новый крытый перрон. К зданию автовокзала будут пристроены два помещения, в одном из которых разместится столовая.В основном здании будут оборудованы комната матери и ребенка, медицинский кабинет, современные санузлы, новые кассы и камеры хранения. Рабочие надстроят зал ожидания с новой системой кондиционирования и отопления, лифтом и местами для посетителей, пояснил глава республики.«Строители прилагают все усилия, чтобы сдать этот объект до конца года», — заключил он.Ранеесообщалось, что Минстрой Карелии рассчитывает на завершение полной реконструкции автовокзала в Петрозаводске в ноябре этого года.",Глава Карелии оценил реконструкцию автовокзала в Петрозаводске
17.07.2021 16:06:00,Крым,Коммерсантъ FM,https://www.kommersant.ru/doc/4908074,"Глава Крыма Сергей Аксенов внес изменения в указ «О введении режима повышенной готовности на территории Республики Крым». С 1 августа в закрытый режим работы переводятся детские лагеря. Речь идет об организациях отдыха детей, в которых привиты менее 95% персонала. «В режим полной изоляции переводятся те учреждения стационарного социального обслуживания, где показатель охвата двукратной иммунизацией против новой коронавирусной инфекции (COVID-19) персонала составляет менее 95%»,— говорится в документе. Также до 17 августа прекращается диспансеризация населения, которая осуществляется в рамках базовой программы обязательного медицинского страхования.На полуострове уже четвертый день подряд обновляется суточный максимум зараженных. В Крыму за последние сутки выявили 401 заболевшего коронавирусом.На фоне всплеска заболеваемости с июня в Крыму под запретом массовые мероприятия, также ограничена посещаемость ресторанов, кинотеатров и музеев. При этом Крым остается регионом, который продолжает принимать туристов…",Власти Крыма ужесточили антиковидные ограничения для детских лагерей
17.07.2021 14:54:00,Россия,Столица на онего (Петрозаводск),https://stolicaonego.ru/news/na-vyborah-v-zaksobranie-karelii-osnovnaja-borba-razvernetsja-mezhdu-edinoj-rossiej-i-kprf/,"Уже сегодня видно, кого именно единороссы считают своими реальными конкурентами. Если ЛДПР и «Справедливую Россию» никто не трогает, то против КПРФ развернута настоящая война.Власть борется с коммунистами разными способами. На протяжении последних двух лет КПРФ не разрешили провести в Петрозаводске ни одной акции протеста. За каждое несогласованное выступление региональное отделение КПРФ судили и штрафовали. Сумма штрафа достигала 125 тысяч рублей. Евгений Ульянов стал единственным в Карелии депутатом, которого за несколько месяцев до выборов задержали, полицейским конвоем сопроводили в суд и оштрафовали за встречу с избирателями (признали незаконным публичным мероприятием).С приближением выборов руководителей КПРФ в Карелии начали дискредитировать через фейковые страницы в соцсетях и заказные статьи в Интернете. Эта кампания усилилась после того, как стало известно, что партийный список КПРФ на выборах в Заксобрание Карелии возглавили Евгений Ульянов и Сергей Андруневич (тот самый ветеран погранвойск, который вручил спикеру Заксобрания два рулона туалетной бумаги в знак протеста против индексации ветеранских выплат на 21 рубль). Отдельного внимания оппонентов удостоился лидер профсоюзов Карелии Илья Косенков, который, как и в 2016 году, пошел в Заксобрание от КПРФ – его поливают грязью все с тех же фейковых страниц и анонимных групп в ВК.Подробнее читайтездесь.",На выборах в Заксобрание Карелии основная борьба развернется между «Единой Россией» и КПРФ
17.07.2021 15:02:00,Петрозаводск,Столица на онего (Петрозаводск),https://stolicaonego.ru/news/zapah-gari-v-petrozavodske-vyzvan-lesnym-pozharom-v-prjazhinskom-rajone/,"В Пряжинском районе пожарные ведут борьбу с возгоранием леса.Как сообщили «Столице на Онего» в МЧС, дым из Пряжинского района движется в сторону Петрозаводска, поэтому в карельской столице ощущается запах гари.Согласно официальным данным, сегодня на территории Карелииобнаружено33 лесных пожара. Их общая площадь — 2182 гектара.В Суоярвском районе Карелиивведенрежим чрезвычайной ситуации в связи с природными пожарами.Жители Петрозаводскаощущаютзапах дыма в городе.",Запах гари в Петрозаводске вызван лесным пожаром в Пряжинском районе
17.07.2021 14:48:00,Санкт-Петербург,«Metro»,https://www.metronews.ru/novosti/peterbourg/reviews/v-peterburge-aktivisty-pytayutsya-nayti-dom-dlya-48-krolikov-posle-eksperimentov-v-nii-1812896/,"Петербургские волонтеры пытаются пристроить 48 кроликов, которые участвовали в испытании витаминов в местном НИИ.Обычно после таких экспериментов животных убивают, но есть шанс их спасти – для этого нужной найти семьи, которые готовы принять кроликов.""Обычно после этого их убивают, но эти могут найти спасение, если мы им поможем. Кроликов нужно спасать срочно!У нас есть только одна неделя. Кролики – идеальны для веганок и веганов, они питаются преимущественно сеном, плюс корма, зелень, немного овощей, фруктов и ягод"", - сообщили в группе ""Веганим Вместе"" в соцсети ""ВКонтакте"".Посмотреть эту публикацию в InstagramПубликация от Веганство в России (@vegan.russian)Все кролики мужского пола, им по четыре месяца, не кастрированы. Кастрация обойдется в 1,5−2 тысячи рублей. Кролики породы белый великан, достаточно крупные. Им нужен свободный выгул по вашей квартире (при этом они прекрасно ходят в лоток). Всем животным нужна компания сородича, поэтому в идеале брать по две особи. Если вы решитесь на одного, то вам нужно будет уделять кролику много внимания, так как они боятся одиночества.",В Петербурге активисты пытаются найти дом для 48 кроликов после экспериментов в НИИ
17.07.2021 14:52:49,Смоленск,ГТРК «Смоленск»,https://gtrksmolensk.ru/news/v-smolenske-predstavili-variantyi-buduschego-oblik/,"Бульвар 30-летия Победы в областном центре станет «комфортной» территорией. Ремонт данного объекта назначен на 2023 год. Об этом сообщили в мэрии.Отмечу, работы на улице Рыленкова пройдут в рамках программы «Комфортная городская среда». В городской администрации озвучили концепции предполагаемого ремонта. В ходе общественных обсуждений, прошедших в администрации Промышленного района, были представлены несколько вариантов благоустройства сквера. С ними можно ознакомиться подробнее на сайте мэрии.Фото: Администрация г. Смоленска",В Смоленске представили варианты будущего облика Бульвара 30-летия Победы
17.07.2021 14:49:00,Калуга,Kaluga-poisk.ru (Калуга),https://www.kaluga-poisk.ru/news/blagoustroystvo/zheleznodorozhnye-pereezdy-okskoy-vetki-likvidiruyut-do-1-avgusta,"По ночам в Калуге дорожные рабочие совместно с представителями ОАО ""РЖД"" ликвидируют неэксплуатируемые железнодорожные переезды Окской ветки.Как сообщили в Управлении городского хозяйства Калуги, уже завершены работы по демонтажу переездов и асфальтированию участков дорог на улицах М.Жукова и Баррикад.До 1 августа планируется избавить от ненужных рельсов улицы Билибина и К.Либкнехта.""Проведение вышеупомянутых работ позволит увеличить трафик и сделать передвижение на этих перекрестках более комфортным"", - сообщили в ведомстве.Напомним, что Окскую ветку переделают в велопешеходную зону.",Железнодорожные переезды Окской ветки ликвидируют до 1 августа
17.07.2021 15:12:58,Москва,ГТРК «Смоленск»,https://gtrksmolensk.ru/news/smolyane-nashli-ranenuyu-sovu-i-peredali-sotrudnik/,"Смоляне спасли дикую птицу от неминуемой смерти. Семья Бережновых нашла на дороге, недалеко от трассы «Москва – Минск» раненую сову, которая не могла взлететь, потому что у неё было повреждено крыло.В таком состоянии она гарантированно стала бы жертвой хищников,  поэтому глава семейства решил спасти пернатое существо и найти тех, кто сможет в дальнейшем ему помочь. Поэтому Бережновы прибыли в «Смоленское Поозерье.Птица оказалась молодой болотной совой, к несчастью, весьма серьезно травмированной – у нее были переломы локтевой и лучевой костей правого крыла со многими смещениями и раздроблением. В условиях 30-градусной жары возникла серьезная опасность развития гангрены, тем более что после ранения прошло уже немало времени. Сову передали специалистам, однако, к сожалению, крылышко пришлось ампутировать тем же вечером, чтобы спасти жизнь птице. Однако, как сообщили в национальном парке, кризис позади, и птица будет жить.Несмотря на то, что отсутствие одного крыла слегка мешает координации тела, птица ведет себя соответственно ситуации. Сотрудники Поозерья теперь планируют посторить для нее специализированный вольер.Фото: Смоленское Поозерье",Смоляне нашли раненую сову и передали сотрудникам Поозерья
17.07.2021 15:03:56,Москва,Национальный Фонд поддержки социальных и экономических проектов,https://123ru.net/smi/simon77-li/290252176/,"На встрече с представителями СМИ кандидат рассказал о своей предполагаемой программе, поделился планами.На встрече с представителями СМИ кандидат рассказал о своей предполагаемой программе, поделился планами. В частности, Михаил Васильевич активно выступает за реформу жилищно-коммунального хозяйства не только в Москве, но и в регионах России. Он считает, что за 20 лет в ЖКХ не произошло никаких изменений.- Эта система не эффективна, трудозатратна, коррупционно ёмка, заявил кандидат на пресс-конференции.Множество проблем сейчас и в сфере благоустройства.- Казалось бы, огромный город, все возможности для эффективной работы есть, нужно просто осваивать уже существующий бюджет, зачем лезть в новые долги, которые лягут тяжелым бременем на налогоплательщиков – непонятно, - недоумевает кандидат.И именно этими проблемами он планирует заняться при благоприятном для него исходе выборов.Говоря о самой первой депутатской инициативе, которую он планирует «продвигать» в депутатском кресле, Михаил Васильевич сказал (цитируем дословно):- Ключевой вопрос – изменение судебной системы. Я не являюсь юристом по профессии, но я считаю, что я обязательно войду, если будет такая комиссия, которая проведет мониторинг существующей судебной системы в РФ. Потому что без решения этого вопроса мы просто не сможем двигаться вперед.  Дальше это будет просто решение исполнительной власти. Те люди, которые являются делегатами от жителей: общественные активисты, депутаты разных уровней, они будут просто отстранены от процесса принятия решений, и дальше это будет сводиться к решению чиновников, как строить страну и как голосовать.",В Москве прошла пресс-конференция кандидата в депутаты Государственной Думы ФС РФ от «Партии РОСТА» Михаила Меньшикова.
17.07.2021 15:02:00,Карелия,Блог сайта «karelinform»,https://mirtesen.ru/pad/43331521729,"В пятницу, 16 июля, в Сегежском районе ввели режим ЧС. Запрещено посещение лесов в Сегежском, Калевальском, Суоярвском, Муезерском и Пряжинском районах.«Мы находимся на пике борьбы с лесными пожарами, задействованы все силы и средства для тушения, и от того, насколько люди сейчас прислушаются к нашему призыву, будет зависеть, сможем ли мы переломить ситуацию и пройти этот напряженный период»,— отметил глава Минприроды Карелии.Ранее, 15 июля, режим ЧС из-за лесных пожаровввелив Суоярвском районе. Ранее в данномрайоне уже был введен соответствующий режим — горели леса на площади более 590 га. Позже пламя удалось локализовать и режим ЧСотменили.",В еще одном районе Карелии ввели режим ЧС
17.07.2021 15:15:00,Карелия,Столица на онего (Петрозаводск),https://stolicaonego.ru/news/dym-ot-lesnyh-pozharov-okutal-gorod-v-karelii-foto/,"Жители Сегежи сообщают о том, что в городе пахнет гарью. Населенный пункт заволокло дымом из-за горящих лесов.Местная жительницаопубликовалав соцсети кадры, на которых видны масштабы задымления Сегежи. Пост датирован 14 июля.На сегодняшних кадрах, которые прислала в редакцию читательница «Столицы на Онего», также виден дым, который тянется над Сегежей.Согласно официальным данным, сегодня на территории Карелииобнаружено33 лесных пожара. Их общая площадь — 2182 гектара.",Дым от лесных пожаров окутал город в Карелии (ФОТО)
17.07.2021 15:13:13,Ставрополь,Stv24.tv (Ставрополь),https://stv24.tv/novosti/personalnaya-vystavka-peterburgskogo-hudozhnika-otkroetsya-v-izomuzee-stavropolya/,"Выставка Феликса Волосенкова приурочена к 60-летию образования музея.Заслуженный художник России, мастер современного изобразительного искусства из Санкт-Петербурга Феликс Волосенков передал в дар Ставропольскому краевому музею изобразительных искусств коллекцию своих работ. Как сообщили в пресс-службе музея, выставка «Послание из Петербурга», приуроченная к 60-летию со дня образования музея, откроется 23 июля.Речь идёт, в частности, о работах «В начале лета», «Летом», «4 июля», «Жаркий полдень», «В парке», «Зелёный сад», «Чаща».В пресс-службе рассказали, что Феликс Волосенков – мастер, признанный в избранном им направлении в искусстве. Искусствоведы и исследователи определили его как уникальный стиль, некий «экспрессивный фовизм».The postПерсональная выставка петербургского художника откроется в изомузее Ставрополяfirst appeared onСвоё ТВ.",Персональная выставка петербургского художника откроется в изомузее Ставрополя
17.07.2021 15:15:09,Санкт-Петербург,Компания «Ревилайн»,https://123ru.net/smi/malygos-iscariot-li/290252581/,"Компания «Ревилайн» в Санкт-Петербурге предлагает компактные ирригаторы Revyline RL 650 с телескопическим резервуаром. Устройства доступны в белом и черном дизайне.В путешествии важно не забывать о гигиене полости рта, чтобы не пришлось обращаться к стоматологу в другом городе. Вместе с зубной щеткой стоит взять с собой ирригатор. При обилии вкусной пищи в межзубных промежутках, придесневой зоне и зубах мудрости скапливается особенно много налета. Если вовремя не устранять загрязнения, появится кариес и воспалятся десны. Ирригатор мощной струей воды устраняет остатки налета и пищи и массирует десны, укрепляя их.Revyline RL 650– модель 2020 года, которая пользуется популярностью у покупателей. В устройстве 4 режима подачи воды под давлением до 820 кПа. Помимо мягкого, нормального и пульсирующего режимов доступен программируемый: в нем пользователь сам выбирает комфортный уровень давления. Прибор запоминает напор воды и при следующем сеансе предложит его для чистки.Еще одна особенность RL 650 – телескопический резервуар на 360 мл. У дорожных ирригаторов обычно емкости вмещают 150-200 мл воды, поэтому RL 650 идет на рекорд. Одним движением резервуар можно задвинуть в корпус, и ирригатор станет максимально компактным.Модель украшает светодиодная подсветка. Голубой цвет загорается в активном режиме, красный – при разряженной батарее, зеленый – при полном заряде аккумулятора. Батарея повышенной емкости на 2000 мАч обеспечивает автономную работу устройства в течение 2-3 недель при ежедневном использовании.В комплекте с устройством идут 2 стандартные насадки в цвет корпуса и дорожный чехол для перевозки.Заказать ирригаторы Revyline RL 650 в Санкт-Петербурге можно на сайтеhttps://spb.revyline.ru/. Телефон - +7(812)504-88-63. Электронная почта -spb@revyline.ru.Адрес: г. Санкт-Петербург, Наб. Карповки, д. 13, лит. А, пом. 31- Н.",Дорожные ирригаторы Revyline RL 650 в стильном дизайне
17.07.2021 15:19:28,Свердловская область,Tagilcity.ru (Нижний Тагил),https://tagilcity.ru/news/incident/17-07-2021/legendarnyy-zamnachalnika-gai-sverdlovskoy-oblasti-skonchalsya-v-ekaterinburge,"В ГАИ мужчина проработал 37 лет. Он начинал с регулирования движения и дослужился до замначальника управления ГИБДД. На пенсию Петр Решетнюк вышел в 1996 году, а в 2020 году он отметил свое 80-летие, сообщает Е1. О дате и времени прощания с Петром Решетнюком станет известно позднее. Напомним, 5 июля в возрасте 70 лет в Нижнем Тагиле скончался заслуженный врач России, врач-хирург Александр Юрьевич Фурман.",Легендарный замначальника ГАИ Свердловской области скончался в Екатеринбурге
17.07.2021 15:16:23,Ростовская область,PR-news,https://123ru.net/smi/fokinpr-li/290252612/,"Миссия медицинского центра реабилитации «Медиана» заключается в предоставлении медицинских услуг высокого качества пациентам любого возраста, в максимально комфортных для них условиях и в удобное время.Медицинский центр «Медиана» был открыт в 2019 году известным в нашем городе врачом травматологом-ортопедом, хирургом, доцентом кафедры травматологии и ортопедии Ростовского медицинского университета Андреем Ивановичем Горбатенко  для помощи своим землякам в достижении главной цели каждого человека – жить долго и счастливо! Фундаментом для достижения этой цели является здоровье.Заболевания костей и суставов представляют не только медицинскую, но и социальную проблему, так как становятся причиной инвалидности значительной части населения и вовлечением в число пациентов молодых и активных людей. Поэтому пациенты предъявляют очень высокие требования к использованию высокотехнологичных методов лечения и сокращению сроков реабилитации, так как от функционального состояния конечностей зависит качество жизни и профессиональная активность современного человека.Основной целью МЦР «Медиана» является оказания населению квалифицированной специализированной медицинской помощи при заболеваниях опорно-двигательного аппарата, нервной системы и других патологических состояниях.Одной из главных задач центра является разработка и внедрение инновационных методов лечения различных заболеваний консервативными и малоинвазивными методами, призванными максимально сохранить и восстановить функции конечностей и повысить качество жизни пациентов.На сайте нашего медицинского центра «Медиана» - в разделеновостиВы сможете узнать о современных, наиболее эффективных методах профилактики, диагностики, лечения и реабилитации костной патологии, а также получите ответы на наиболее распространенные вопросы, задаваемыеврачу травматологу-ортопедуили задать вопрос он-лайн.Приоритетные направления в работе:- Диагностика заболеваний и травм опорно-двигательной системы- Лечение заболеваний и повреждений суставов- Консервативное лечение остеохондроза- Диагностика и лечение заболеваний нервной системы- Лабораторная диагностика- Инъекционная терапия суставов под УЗИ-контролем- Внутрисуставное введение препаратов гиалуроновой кислоты и других лекарственных препаратов-PRP-терапия- Гирудотерапия- Внутрисуставное и периартикулярное введение глюкокортикостероидных препаратов препаратов (проведение лечебных блокад)- Лечебный массаж- Скэнар-терапия- Ударно-волновая терапия- Фонофорез с лекарственными препаратами,- Магнито-лазерная терапия и другие физиопроцедуры- Лечебная гимнастика (по индивидуальной программе, под наблюдением врача ЛФК, в группе)- Подбор ортезов, бандажей, корсетов и индивидуальных стелек- Разработка индивидуальных рекомендаций по коррекции питания и образа жизни- Реабилитация пациентов после перенесенного инсульта, инфаркта и других сердечно-сосудистых патологий- Реабилитация детей с ДЦПМедицинский Центр Реабилитации «Медиана»будет рад помочь Вам и Вашим близким! Будьте уверены в том, что в нашем центре будет сделано все возможное для получения положительного результата лечения и возвращения в кратчайшие сроки к привычному качеству жизни.","Медицинский Центр Реабилитации ""МЕДИАНА"" уже 2,5 года помогает гостям и жителям г. Таганрога"
17.07.2021 14:40:31,Россия,Message ru (Калининград),http://feedproxy.google.com/~r/inklgd/~3/0gLIS6K8jZ4/101029,"Представителям малых народов Севера тебе положена настоящая лицензия на убийство — расстрел любых животных, из любого оружия и в любом количестве. Такое «цивилизованное» решение принял Конституционный суд России, обязавший региональные власти обеспечить реализацию их прав. Мол, это единственный способ национальной самоидентификации, без которой эвенки, саамы или чукчи перестанут быть таковыми. Важно отметить, что охота возможна на любых животных и из любого оружия.Как ни одно «благое» дело, не обошлось тут и без провокатора. Свое решение КС вынес после жалобы некоего печально известного своими тревожными активностями жителя Мурманской области Андрея Данилова, якобы, саама по национальности. Пожилому слесарю-электрику, давно и благополучно проживающему в городе Оленегорске, вдруг однажды показалось, что его права существенно поражены, а его саамской идентификации и вовсе грозит кирдык. Если только он не пойдет в лес и не пристрелит кого-нибудь сию минуту!Саам Данилов заявил, что ему крайне необходимо обучиться охоте на лося и медведя – типа, одной дичью сыт не будешь, подавайте массы и обьемы мертвой дикой природы! За этим он обратился в минприроды Мурманской области, где нашлись все же разумные люди и отказали ему, посчитав, что охота не является для него, городского жителя, вопросом выживания. Упорный стрелок пошел дальше и оспорил отказ в суде, указав, что несмотря на городскую прописку, он все же «частично» ведет традиционный образ жизни — строит шалаши, делает бусы и изготавливает саамские сувениры! Но вновь проиграл. Однако очередной поход стрелка-охотника в КС увенчался буквально триумфом: его аргумент о том, что необходимо наделить равным правом «на убийство» всех саамов – и «тундровиков», и «горожан» — нашел стремительную и полную поддержку.Тем самым Конституционный суд просто наплевал на нормы общественной морали, подменив ее спорными соображениями о необходимости сохранения идентификации малых народов любой ценой. Равно как поставил под угрозу всю дикую северную природу России. Так, президент Росохотрыболовсоюза Татьяна Арамилева отмечает, что сегодня «никто не контролирует истинное количество животных, которые добывают представители КМНС, это полностью выпадает из мониторинга и учета. Логично давать такие льготы людям, для которых это основа жизнедеятельности, но, если ты живешь в городе, работаешь на официальной работе, сразу появляется какая-то неопределенность».«Этой самой идентификацией и национальными традициями норвежцы, например, оправдывают промышленную охоту и убийство китов, датчане – ежегодную расправу детьми и подростками над сотнями дельфинов и гринд. Это элементы поддержания какой-то дикой, первобытной традиции, восходящей к древнему обществу охотников и рыболовов с обрядами и ритуалами, прославляющими убийство живого существа» — сетует политик Дарья Митина.По логике принятого Конституционным Судом РФ прецедента, теперь малые племена Папуа Новая Гвинея могут обратиться в свои высшие инстанции с требованием разрешить им каннибализм – в целях сохранения их идентификации и древних национальных традиций! Например, через того же саама Андрея Данилова. Интересно, какое решение в этом случае принял бы наш КС?The postОхота без ограничений: Конституционный суд очаровался темой поддержки коренных малых народов Севераappeared first onИА Message ru.",Охота без ограничений: Конституционный суд очаровался темой поддержки коренных малых народов Севера
17.07.2021 15:23:18,Россия,ГТРК «Смоленск»,https://gtrksmolensk.ru/news/smolenskaya-stena-zamknula-pyaterku-rejtinga-krasi/,"«Ожерелье земли Русской» вошло в число самых красивых каменных крепостей страны. Глобальный сервис для автопоездок BlaBlaCar составил рейтинг из пяти каменных крепостей России, которые отличаются героическим прошлым, невероятной красотой и удивительной сохранностью.Смоленская крепость замыкает пятерку рейтинга, в который вошли Псковский кремль, Ивангородская, Новгородская и Дербентская крепости.Напомню, Смоленская крепостная стена – одно из старейших фортификационных сооружений России. Она была построена в XVI веке выдающимся русским зодчим Федором Конем. Изначально она насчитывала 38 башен и имела протяженность в шесть с половиной километров. Сейчас башен сохранилось 17, и каждая имеет свое историческое название.",Смоленская стена замкнула пятерку рейтинга красивейших каменных крепостей России
17.07.2021 15:31:10,Смоленск,ГТРК «Смоленск»,https://gtrksmolensk.ru/news/v-lopatinskom-sadu-smolenska-pochinili-chast-peshe/,"Не только развлечения, но и комфорт передвижения. В центральном парке областного центра приступили к ремонту пешеходных дорожек. Об этом сообщили в мэрии.Ранее на состояние дорог смоляне жаловались неоднократно, в том числе в социальных сетях. Как рассказали в администрации города, теперь в Лопатинском саду привели в порядок территорию, прилегающую к водоёму, рядом с вольером для белок.",В Лопатинском саду Смоленска починили часть пешеходных дорожек
17.07.2021 14:38:45,Крым,Znak.com,https://www.znak.com/2021-07-17/v_krymu_personalu_detskih_lagerey_gde_privito_menee_95_zapretyat_vyhodit_s_territorii,"В Крыму с 1 августа детские оздоровительные лагеря и социальные учреждения, где от коронавируса привито менее 95% сотрудников, переходят на закрытый режим работы. Соответствующий указ подписал глава республики Сергей Аксенов. Согласно указу, с 1 августа запрещается проживание персонала лагерей за пределами организаций, где охват двукратной иммунизацией против коронавируса составляет менее 95%. В режим полной изоляции переводятся учреждения стационарного социального обслуживания при иммунизации менее 95% персонала. Помимо этого, до 17 августа прекращается диспансеризация населения. В Крыму за последние сутки выявлен 401 случай коронавируса.","В Крыму персоналу детских лагерей, где привито менее 95%, запретят выходить с территории"
17.07.2021 14:38:52,Смоленская область,ГТРК «Смоленск»,https://gtrksmolensk.ru/news/v-dvuh-sluchayah-vozmozhen-podzhog-v-smolenskoj-ob/,"Два вероятных поджога и неисправная электротехника. Три автомобильных пожара пришлось тушить огнеборцам в регионе за минувшие сутки.Первый выезд был вчера в 9:23 утра в Печерск. Водитель манипулятора УРАЛ 5557 в какой-то момент увидел, что из-под кабины пошел дым. Мужчина вызвал пожарных и попытался самостоятельно справиться с возгоранием. С помощью подручных средств и огнетушителя ему удалось потушить огонь. Помощь прибывших огнеборцев не потребовалась. В результате происшествия лишь поврежден силовой кабель под кабиной. Вероятная причина возгорания – электротехническая.Второй автопожар произошел 16 июля около полуночи в Сафонове. Мужчина закончил смену на одном из предприятий на улице Строителей и направился к своему автомобилю ВАЗ 21099. Уже подходя к нему, владелец увидел, что в салоне разгорается пламя. Он побежал обратно к проходной и вызвал пожарных. Вместе с охранником они схватили огнетушители и самостоятельно потушили пламя. В результате повреждена обивка переднего пассажирского сиденья, оплавлена панель управления и внутренняя стенка передней правой двери. И здесь специалисты рассматривают версию поджога, проводится проверка.Вероятно, по этой же причине в начале третьего часа ночи загорелся автомобиль Audi Q7, припаркованный рядом с гостиницей на улице Строителей в Ярцеве. Администратор услышала громкий хлопок с улицы, а когда выглянула в окно, то увидела, что горит кроссовер. Она сразу же вызвала пожарных, которые, быстро потушили пожар. В результате происшествия иномарка значительно повреждена.Фото: МЧС по Смоленской области",В двух случаях возможен поджог. В Смоленской области за сутки загорелись три авто
17.07.2021 15:42:00,Москва,Коммерсантъ FM,https://www.kommersant.ru/doc/4908065,"Организаторы авиационно-космического салона МАКС-2021 в подмосковном Жуковском пока не отменяют требование предоставить QR-код или отрицательный результат ПЦР-теста на коронавирус для прохода на выставку, сообщили ТАСС в дирекции мероприятия. Накануне власти Москвы и Подмосковья постановили отменить обязательное использование системы QR-кодов для ресторанов и кафе с 19 июля.«По состоянию на текущий момент такие требования сохраняются»,— сказали в дирекции МАКС-2021 в ответ на вопрос о ПЦР-тестах и QR-кодах.Авиасалон пройдет с 20 по 25 июля. На сайте мероприятия указано, что посетителей пропустят при наличии QR-кода и документа, удостоверяющего личность. Для гостей, которые не имеют возможности оперативно получить код, посещение выставки возможно при наличии отрицательного ПЦР-теста, сданного не раньше двух суток назад.Система QR-кодов начала действовать в Москве 28 июня. Получить код могут только граждане, сделавшие прививку от COVID-19 вакциной, зарегистрированной в РФ, а также те, кто переболел коронавирусом…",Организаторы авиасалона МАКС-2021 сохранят требование о входе по QR-кодам
17.07.2021 15:33:00,Карелия,Блог сайта «karelinform»,https://mirtesen.ru/pad/43182357140,"Одной из самых читаемых новостей уходящей недели стала информация о похолодании в Петрозаводске. По предварительному прогнозу синоптиков,жара в Карелиипростоитдо 18 июля включительно. Начиная с 19 июля, погода начнет меняться: в республику придет Атлантическая ложбина, которая принесет дожди. Днем заметно похолодает. Ожидается температура воздуха от +20…до +22 градусов. Уже 21 июля республика попадет в тыловую часть ложбины. С севера ветер принесет в Карелию арктические воздушные массы. И днем температура не поднимется выше отметки +18 градусов.Внимание читателей привлекла информация о том, что в Карелии продожлаются поиски загадочно пропавшего рыбака из Санкт-Петербурга. Супруга мужчинывыдвинуласвою версию произошедшего: она предполагает, что пропавший мог выпасть из лодки, когда доставал из воды крупный «трофей». Напомним, 9 июля жители Пудожского района, отдыхавшие на Онежском озере,заметилилодку со снаряжением в районе островов. 11 июля спасателивытащилиее на берег. 12 июля специалисты продолжили поиски на месте, однако пока мужчинуне нашли.Читаемой стало информация о карельском модельере Екатерине Яршиной, которая переболела коронавирусом. По словам жительницы региона, онавернуласьдомой «живой и это чуд""о. После перенесенной коронавирусной инфекции потребуется реабилитация. По словам Екатерины, болезнь не проходит бесследно. Прием гормональных препаратов вызывает отеки, трудно ходить.Резонансной стала новость о том, что ночью 14 июня на пр. Ленина в Петрозаводскепроизошластрельба.По одной из версий, из окна квартиры неизвестный начал стрелять из пневматического оружия по людям, находившимся на улице. Обстрелу подверглись четыре человека. На месте происшествия работали сотрудники МВД и бригады скорой помощи. По данным ведомства, телесные повреждения получили два человека. Пострадавшие были доставлены в больницу.Трагической стала новость о смерти 43-летнего замдиректора по правовым вопросам заповедника «Кивач»Дмитрия Живетьева. Егоне стало11 июля.","Сильное похолодание, пропажа рыбака и ковид у модельера: итоги недели в Карелии"
17.07.2021 15:59:00,Московская область,ГКУ МО «Мособлпожспас»,http://www.mosoblspas.ru/arhiv/arhivgu2021/news560.html,"В пятницу, 16 июля, работники 201-й пожарно-спасательной части ГКУ МО «Мособлпожспас» совместно волонтерами из молодежной организации «Молодая гвардия Единой России» провели информационно-профилактический рейд на озерах Бабошкино и Аниськино в городском округе Балашиха.Спасатель (старший смены) пожарно-спасательной части Олег Калмыков рассказал, что в ходе патрулирования спасатели напомнили отдыхающим правила безопасного поведения на водоемах в летний период и раздали листовки с профилактической информацией.«При помощи громкоговорителей, установленных на аварийно-спасательном автомобиле, спасатели предупредили отдыхающих о запрете купания в незнакомых местах. В ходе бесед работники пожарно-спасательной службы напомнили отдыхающим, как уберечься от теплового и солнечного ударов и оказать первую доврачебную помощь пострадавшим», - отметил Олег Калмыков.Спасатель отметил, что особенностью рейда стало привлечение волонтеров из молодежной общественной организации.«Совместными усилиями спасателей и добровольцев было роздано порядка 250 листовок и памяток по безопасности на воде. Мы часто привлекаем добровольцев для информирования населения, что помогает нам охватить большее количество отдыхающих», - заключил Олег Калмыков.",Спасатели ГКУ МО «Мособлпожспас» совместно с волонтерами провели профилактический рейд на водоемах Балашихи
17.07.2021 16:00:31,Ставрополь,Stv24.tv (Ставрополь),https://stv24.tv/novosti/bolee-400-rebyat-otdohnuli-v-lagere-stavropolya-vesyolyj-ulej/,"Третья смена начнёт работу с 19 июля.За 2 смены в лагере «Весёлый улей» во Дворце детского творчества Ставрополя отдохнули более 400 детей. Как сообщили в пресс-службе администрации краевого центра, 3-я смена уже укомплектована и начнёт работу 19 июля.По данным мэрии, 1 смена лагеря была гражданско-патриотической направленности. Ребята участвовали в исторических квестах, викторинах, турнирах, конкурсах песен и театральных инсценировках.Кроме того, воспитанники участвовали в мероприятиях, посвящённых Дню России, Дню памяти и скорби. Проводили для детей и спортивные состязания. Так, олимпийский чемпион по гандболу Игорь Лавров провёл зарядку вместе со школьниками.Как отмечается, вторая смена превратила на 21 день Дворец детского творчества в спортивную арену Лагериады-2021. Команды набирали баллы за участие в спортивных и творческих конкурсах и боролись за Кубок Чемпионов.О безопасном поведении с незнакомыми людьми с ребятами побеседовали представители поискового отряда «Лиза Алерт». Одним из самых запоминающихся дней стал День наоборот и покрывалобол. Кроме того, к школьникам в гости наведались участники байкерского клуба «Ночные волки».The postБолее 400 ребят отдохнули в лагере Ставрополя ""Весёлый улей""first appeared onСвоё ТВ.",Более 400 ребят отдохнули в лагере Ставрополя «Весёлый улей»
date,location,source,source_url,text,title
17.07.2021 18:55:18,Москва,Елизавета Шаламова,https://123ru.net/smi/lizawietta130987-li/290264086/,"Середина июня 2021 года, ливни затопили Ялту. 18 июня днем, когда вода еще не сошла, Бутаков Олег разместил призыв выйти на спасение города в группу сообщества «Чистая Ялта» в Whatsapp. В течение дня призыв распространился по соцсетям, охватив не только жителей Ялты, но и волонтеров из Симферополя.19 июня в десять утра те, кто приходил на Ялтинский пляж для участия в субботнике, могли увидеть только груды валунов, кучи грязи и мусора, поломанные деревья, которые вынесло на пляж, и даже искореженный автомобиль. А из каменной кладки набережной все ещё вытекала вода. За четыре с лишним часа очистили не только пляж, но и сквер Ломоносова. Прохожие не оставались безучастными, присоединялись и помогали. Было собрано 40 мешков мусора в дополнение к массе крупногабаритного мусора, где обломки деревьев дополнялись деталями машин, обломками мебели, обувью, одеждой, игрушками. Люди начали наводить порядок в своем городе после разгула стихии.«Я познакомился с движением «Чистая Ялта» в августе прошлого года, когда мне пришла идея почистить берега речки Водопадной между улицами Гоголя и Пушкинская, где я постоянно хожу», - начал свой рассказ Бутаков Олег: «Договорился с друзьями, решил ещё кого-нибудь привлечь и поискал в соцсетях. Оказалось, в Ялте уже были люди, которые проводят субботники и называется их группа «Чистая Ялта». Написал им и предложил сделать совместный субботник. Мне быстро ответили, что готовы поддержать и даже разместили на своей странице пост с моим призывом и моими контактами. А сейчас  я один из активных участников этого сообщества.Цель сообщества «Чистая Ялта» - сделать город чистым, помогать в этом администрации и продвигать экологические идеи людям. Эта цель сплачивает вокруг себя позитивных людей, которые подают пример бережного отношения к природе своему окружению. «Любой человек так или иначе влияет на многих других людей. Это влияние может быть как хорошим, так и дурным… Чтобы идти по дороге к счастью, необходимо подавать хороший пример окружающим», - писал Л. Рон Хаббард в книге «Дорога к счастью» и это действительно так, потому что волонтеры «Чистая Ялта» - по-настоящему счастливые люди. Кроме уборки мы всегда находим время пообщаться, обменяться мнениями или рассказать интересные истории. И все это происходит в дружеской атмосфере за чашкой чая из собственной кружки. Мы сознательно не используем одноразовые стаканы, так как хоть и кажется, что они бумажные, внутренняя часть у них пластиковая и такому «стаканчику» нужно разлагаться на полигоне несколько десятков лет, так как их не принимают на переработку. В Ялте есть кофейни, например, Surf Coffee, которые поощряют любителей кофе не использовать одноразовую посуду, а брать кофе в собственные кружки. Видно, экологический образ жизни проникает в общество и находит отклик у людских сердцах».В настоящее время сообщество «Чистая Ялта» активно продвигает идею раздельной утилизации мусора. За словами у них идут дела, и первая акция по раздельному сбору отходов прошла 3 июля по адресу: Ялта, ул. Фурмана, дом 4. Цель - отправить первую тонну вторсырья на переработку вместо свалки. И это только начало, подобные акции будут проходить теперь каждую субботу, увлекая все больше людей положительным примером. Так что чистая Ялта - им по плечу.Автор: Владимир Оллыкайнен",Движение «Чистая Ялта» идет на помощь
17.07.2021 17:09:13,Санкт-Петербург,Блог сайта «Ньюинформ»,http://mirtesen.ru/pad/43973247504,"Исполнитель хита ""Все пройдет"", известный советский и российский актер театра и кино, певец и музыкант Михаил Боярский уже девятый день находится в Боткинской больнице города Санкт-Петербурга, где лечится от коронавируса. Как рассказала актриса Лариса Луппиан, его выпишут лишь при одном условии.""Домой будет выписан только при наличии отрицательного теста, но пока сдавать его рано"", — цитирует жену артистаФАН.Информация о госпитализации Боярского поступила 14 июля. Как сообщалось, артист на момент заражения коронавирусом уже был привит, отчего заболевание протекало у него в легкой форме.","Стало известно, когда Михаила Боярского выпишут из больницы"
17.07.2021 17:26:05,Ижевск,Udm-info.ru,https://udm-info.ru/news/incident/17-07-2021/moshenniki-ukrali-polmilliona-u-zhitelnitsy-izhevska,"62-летняя женщина сообщила в полицию о краже 593 тыс. рублей, взятых в кредит. Жертве позвонил незнакомец и представился сотрудником банка. Злоумышленник сказал ижевчанке, что на ее имя неизвестные взяли кредит. Позднее он объяснил пенсионерке, что для отмены предыдущей операции надо взять «встречный кредит». А после выполнения всех инструкций женщина перевела 593 тыс. рублей на «безопасный счёт». Как сообщает пресс-служба МВД по Удмуртии, следователи города возбудили уголовное дело по данному факту преступления.",Мошенники украли полмиллиона у жительницы Ижевска
17.07.2021 17:14:33,Москва,Валерий Сипетин,https://123ru.net/smi/sipetin-valery-li/290258487/,"НОВОСТИ/""Наше время"". Дата публикации: 17 июля 2021 г.Комплектование войск гражданами, призванными на военную службу с апреля по середину июля, а также выпускниками учебных центров и воинских частей полностью завершено.Об этом «Нашему времени» сообщил начальник организационно-мобилизационного управления штаба Южного военного округа Константин ЗАПАТОЦКИЙ.План по призыву, как уточнил Константин Николаевич, военкоматы выполнили. Всех новобранцев обеспечили на сборных пунктах банковскими и персональными электронными картами. В воинские части отправили более 700 молодых казаков.А вот что касается альтернативной гражданской службы, то ее со всего российского юга будут проходить чуть более 100 человек. Мизерность этой цифры в сравнении с общим количеством новобранцев (менее, чем полпроцента) — очевидна.На снимках: военкомат Октябрьского и Ворошиловского районов Ростова-на-Дону;  день отправки призывников на областной сборный пункт; с поставленными на призывной период задачами в этом военкомате успешно справились. Подробности - скоро в ""Нашем времени""https://www.nvgazeta.ru/news/14488/593776/Валерий Сипетин",КАЛЕНДАРЬ ВЕСЕННЕГО НАБОРА В АРМИЮ ЗАКОНЧИЛСЯ ТОЛЬКО СЕЙЧАС
17.07.2021 17:19:00,Казань,Business-Gazeta.ru,https://www.business-gazeta.ru/news/516153,"В Горкинско-Ометьевском лесу в Казани был замечен водитель, который передвигался по дорогам, предназначенным для велосипедистов и пешеходов. Об этом сообщили очевидцы в соцсетях.Автор ролика возмутился тем, что иномарка ехала по территории парка, в который въезд для машин запрещен. Мужчина указал на то, что он создал опасность для посетителей, в частности для катавшихся на велосипедах детей.Напомним, недавно в Горкинско-Ометьевском лесупоявиласьтрехметровая инсталляция в виде бабочки из переработанного пластика. Автором работы стал победитель конкурса «Казань — город без отходов» 35-летний архитекторАлексей Лазарев. Проект арт-объекта выбрали местные жители в ходе конкурса. Инсталляция разместилась возле зеленого поля.",В Казани водитель иномарки проехался по велодорожке в Горкинско-Ометьевском лесу
17.07.2021 17:20:49,Пермь,«Business Class»,https://www.business-class.su/news/2021/07/17/ministr-stroitelstva-rf-proinspektiroval-hod-rekonstrukcii-naberezhnoi-i-esplanady-v-permi,"В ходе рабочего визита в Пермь 16 июля министр строительства и ЖКХ России Ирек Файзуллин оценил ход работ по благоустройству набережной и 66-го квартала эспланады.На набережной Камы продолжаются работы на участке от Коммунального моста до территории ОАО «Порт Пермь». Осенью здесь будет открыта спортивная зона.Подрядчик завершил внутреннюю отделку спорткомплекса зимнего плавания и здания администрации, установил светодиодные качели, сделал дренаж и основание мини-футбольного поля. Смонтировано оборудование и ограждения на спортивных площадках.Осталось закончить обустройство покрытия: из гранита – на тротуарах и дорожках, из резиновой крошки – на нижней части беговой дорожки, из искусственной травы – на площадке для мини-футбола. Окончанием благоустройства станет установка урн и скамеек.На среднем квартале эспланады (между улицами Попова и Борчанинова) завершено строительство ливневой канализации, ведется монтаж люков. Продолжается устройство монолитной плиты и гранитного покрытия дорожек и площадок. Ведется монтаж металлоконструкций террас и устройство их щебеночного основания, реконструкция наружного освещения, устройство системы видеонаблюдения. Завершение всех преобразований эспланады намечено на 2023 год.Благоустройство обоих городских пространств финансируется в рамках нацпроекта «Жилье и городская среда» и проекта «Пермь 300».Благодаря нацпроекту второй этап возведения ул. Строителей сможет стартовать в этом году.",Министр строительства РФ проинспектировал ход реконструкции набережной и эспланады в Перми
17.07.2021 17:26:59,Симферополь,PR soft,https://123ru.net/smi/magia-soft-li/290259021/,В этом видео но ИГРА пытается нас УБИТЬ каждые 30 секунд. Если понравилось видео то поставь лайки и подпишись на каналИсточник:Ярик Кент(2021-07-17),"Майнкрафт, но ИГРА пытается нас УБИТЬ каждые 30 секунд Майнкрафт троллинг ловушка. Ярик Кент"
17.07.2021 17:26:41,Архангельск,PR soft,https://123ru.net/smi/magia-soft-li/290259012/,Неразлучные друзья Крош и Ежик попадают в безвыходную ситуацию. Чтобы спасти их рассеянного соседа Бараша нужно пожертвовать самой дорогой для Кроша вещью. Зачем бараны забираются на деревья?Источник:Смешарики(2021-07-17),Скамейка - Смешарики 2D 1 сезон Ремастер в FullHD
17.07.2021 17:30:27,Татарстан,АиФ,https://kazan.aif.ru/incidents/grozy_i_grad_mchs_tatarstana_preduprezhdaet_ob_uhudshenii_pogody_18_iyulya,"МЧС Татарстана предупреждает жителей об ухудшении погоды.«Ночью и днём 18 июля на территории Республики Татарстан и в Казани местами ожидаются грозы с кратковременными усилениями ветра до 16-21 м/с; днём локально град», - говорится в сообщении ведомства. В МЧС уточняют, что град ожидается по республике, но не дойдёт до столицы.Жителей просят по возможности не выходить на улицу. Машины не стоить парковать возле деревьев и рекламных конструкций.",Грозы и град: МЧС Татарстана предупреждает об ухудшении погоды 18 июля
17.07.2021 17:49:42,Россия,«Первый Тульский»,https://1tulatv.ru/novosti/160188-v-novomoskovske-proshel-regionalnyy-etap-spartakiady-pensionerov-rossii.html,"17 июля в Новомосковске прошёл региональный этап VII Спартакиады пенсионеров России. Об этом сообщает пресс-служба правительства региона.В этом году на площадке Училища Олимпийского резерва Тульской области собрались порядка 150 участников из 17 муниципальных образований региона. Ограничения по возрасту у мужчин от 60 лет и старше, у женщин - от 55 лет. Самому старшему среди заявленных участников исполнилось 80 лет.Победители региональной спартакиады отправятся представлять Тульскую область на Всероссийский этап, который пройдёт в Белгороде в августе 2021 года.",В Новомосковске прошел региональный этап Спартакиады пенсионеров России
17.07.2021 17:45:29,Дагестан,АиФ,https://dag.aif.ru/incidents/zhitel_dagestana_osuzhden_na_vosem_let_za_ubiystvo_odnoselchanina,"Суд приговорил к восьми годам лишения свободы в колонии строго режима жителя Ботлихского района за убийство своего односельчанина, сообщили «АиФ Дагестан» в пресс-службе республиканского управления СКР.Как установил суд, в марте этого года в селе Муни Ботлихского района Ариф Курамагомедов в нетрезвом состоянии поссорился с односельчанином и ударил его ножом в живот, повредив печень. Раненый скончался по дороге в больницу.Курамагомедов признан виновным по ч. 1 ст. 105 (Убийство) УК РФ.",Житель Дагестана осужден на восемь лет за убийство односельчанина
17.07.2021 17:54:24,Москва,Светлана Аниканова,https://www.youtube.com/watch?v=bVUsPCG8P30,"Мятное печенье - это по-настоящему летний и освежающий десерт к чашечке чая. Ради такого печенья не лень включать духовку, тем более, что готовится оно моментально. Натуральное, без красителей яркое и вкусное печенье. Приготовите, не пожалеете!Ингредиенты:Сливочное масло - 100 гЯйцо - 1 шт.Сахар - 100 г+70 г на обваливание печеньяЛимон - 1 шт.Свежая мята - 7-10 веточекМука - 300 гСода пищевая - 0,5 ч. л.Соль - 0, 5 ч. л.Сахарная пудра - 3-4 ст. л. на обваливание печеньяВидео-рецепт:Шаги приготовления:Всем добра, будьте здоровы!","Свежее мятное печенье с трещинками, ради такого не лень включать духовку!"
17.07.2021 17:41:02,Ульяновск,АиФ,https://ul.aif.ru/incidents/dtp/nachalnik_infekcionnogo_gospitalya_ck_msch_ulyanovska_pogib_v_dtp,"Сегодня, 17 июля, в ДТП на трассе под Саратовом погиб хирург, начальник инфекционного госпиталя ЦК МСЧ Ульяновска Игорь Филимончев, ему было 53 года. Трагической новостью в социальных сетях поделился врач, депутат городской думы Дмитрий Малых.Игорь Филимончев окончил Куйбышевский медицинский институт по специальности «лечебное дело», прошёл интернатуру по хирургии. В 2016 году получил высшую квалификационную категорию и защитил кандидатскую диссертацию. Весной прошлого года участвовал в проведении первой для региона операции пациенту с коронавирусной инфекцией. В марте 2021 года Игоря Евгеньевича назначили начальником инфекционного госпиталя ЦК МСЧ.«Он был моим заместителем, мы начали с ним новую работу — хотели поднять хирургическую службу, онкологическую, — приводит слова главврача ЦК МСЧ Юрия Келина портал73online. — У него были золотые руки, он замечательный руководитель и пользовался большим авторитетом в коллективе. То, что произошло, не укладывается в голове — вот говорю с вами, и слезы наворачиваются. Мы расстались с ним буквально вчера вечером. Надеялись, что наши планы и мечты будут воплощены в жизнь. Но мы обязательно продолжим эту работу. Безмерно жаль, что Игоря Евгеньевича больше нет с нами».Жизнь врача оборвалась в Хвалынском районе Саратовской области. У поворота на село Алексеевка «Мерседес», за рулём которого находился Игорь Филимончев, на встречной полосе врезался в фуру «Вольво», после чего его легковушку отбросило на КамАЗ. После двух столкновений «Мерседес» съехал в кювет и загорелся. Водитель скончался в машине скорой помощи. Обстоятельства ДТП устанавливаются.",Начальник инфекционного госпиталя ЦК МСЧ Ульяновска погиб в ДТП
17.07.2021 18:02:10,Кемерово,PR soft,https://123ru.net/smi/magia-soft-li/290261505/,"РУЛЕТ ИЗ КАБАЧКОВ с начинкой. Быстрая закуска очень вкусно и просто. Сочный нежный ароматный кабачковый рулет украсит любой стол.Ингредиенты:Противень 25 см х 30 смТесто:Цуккини (кабачки) 500 гСыр (твердый) 200 гЯйца (крупные) 3 шт.Соль, черный перец по вкусуСушеный базилик 1…Источник:Люда Изи Кук(2021-07-17)",БЕЗ МУКИ Вкуснейший РУЛЕТ ИЗ КАБАЧКОВ с сыром и творожной начинкой Люда Изи Кук кабачки закуска
17.07.2021 17:01:55,Йошкар-Ола,19rus.info (Абакан),https://yocity12.com/news/proisshestviya/v-yoshkar-ole-na-tsentralnom-plyazhe-utonul-10-letniy-rebenok/,"Йошкар-Ола, 17 июля. На реке Малой Кокшаге в оборудованном для купания месте около Паркового моста в Йошкар-Оле сегодня днем утонул 10-летний мальчик.Информация о происшествии появилась в популярном публичном сообществе ЧП Йошкар-Ола социальной сети «ВКонтакте». Известно, что тело ребенка извлекли из воды спасатели и передали сотрудникам полиции. Обстоятельства трагедии устанавливаются.Как мы писали ранее, на водных объектах Марий Эл с начала года зарегистрировано 29 происшествий, в результате которых погибли 26 человек, включая четырех детей.Фото: vk.com/chp_yola12",В Йошкар-Оле на Центральном пляже утонул 10-летний ребенок
17.07.2021 17:58:23,Ярославль,PR soft,https://123ru.net/smi/magia-soft-li/290261299/,"Манская петля как добраться. Поход на Манскую петлю состоялся в конце сентября, в разгар красивой осени. Манская петля- это изгиб реки Мана. Река Мана протекает в Красноярском крае и впадает в Енисей. Красота Красноярского края, необычно красивая и манит вернуться обратно.Источник:Путешествия по России и СНГ(2021-07-17)",Манская петля как добраться
17.07.2021 17:32:22,Ярославль,PR soft,https://123ru.net/smi/magia-soft-li/290259368/,Целью нашего похода был небольшй фотосет и парочка видео в образе казака времен освоения Сибири в начале 17ого века. То было время когда могучие русские ребята - наши сибиряков предки - шли сюда за многие верста и основывали города! Наш же поход занял всего несколько часов - пешком вдоль реки от…Источник:Путешествия по России и СНГ(2021-07-17),Манская петля. Красноярск. Потрясающие виды на рассвете. Сьемка на GH5 и дрон Mavic Pro
17.07.2021 18:02:21,Тюменская область,MegaTyumen.ru (Тюмень),https://news.megatyumen.ru/posts/zhiteli-ishima-prinyali-uchastie-v-urban-sessii,"накануне, 15 июля, на площадке мультицентра «моя территория» (улица ленина, 7) состоялась урбан-сессия с горожанами по вопросам благоустройства визуального облика города. событие было посвящено открытию проекта «линии города», итогом которого станет экскурсионный маршрут «мартин, проводи!» и пять новых объектов стрит-арта на улицах ишима.программа урбан-сессии состояла из онлайн-трансляции с федеральным экспертом и соорганизатором центра прикладной урбанистики в екатеринбурге, дмитрием протасевичем, а также открытым микрофоном с жителями ишима и диалогом с участниками «линии города 2020», которые в прошлом году создали коллекцию одежды.в блоке «открытый микрофон» ишимцы рассказали, чего им не хватает в городе. мнения сошлись на том, что необходимо озеленить улицу карла маркса и добавить на серые здания ярких красок в виде граффити и уличных артов.чтобы решить проблемы благоустройства, организаторами было предложено летом 2021 года привлечь художников, обучить заинтересованную молодежь работе с дизайн-кодом и создать 5 арт-объектов. а также подготовить команду гидов, рабочую группу для поиска интересных мест в городе и создать экскурсионный маршрут «мартин, проводи!» в мессенджере telegram.— проект «линии города» проходит в ишиме уже третий год. в 2021 году мы решили провести работу по двум направлениям: уличное искусство и история города. мы благодарны участникам урбан-сессии, которые рассказали свое честное мнение о визуальном облике ишима. это поможет всем нам, непосредственно, на этапе реализации, — комментирует менеджер проекта «линии города», зубрилина татьяна.в течении двух месяцев на проекте «линии города» пройдут совместные генерации — арт-сессии с жителями города, образовательные лекций с федеральными и региональными экспертами по стрит-арту и стрит-гиду.",Жители Ишима приняли участие в урбан-сессии
17.07.2021 18:55:02,Москва,PR-inf,https://123ru.net/smi/natalliyakolesnikova-li/290264067/,"Не знаю, как вы, но я постоянно сижу в Ватсапе. Мы с друзьями постоянно делимся друг с другом смешными картинками и видео. Вот только наступает момент, когда делиться уже нечем. И тогда на помощь приходит интернет. Так вот и я нашлаhttps://telephone-video.ruсмешные видео по данной ссылке. Их там не просто много, но очень много. И данный перечень постоянно обновляется. Даже я кое-что добавила. А еще на сайте есть удобный поисковик, свой Топ-100 и категории. Что делает его пользование очень удобным. В общем, заходите сюда и вы, скачивайте видео, делитесь ими и добавляйте свои. Так будет намного интересней и веселее!",Смешные видео Рунета
17.07.2021 18:49:56,Россия,Елизавета Шаламова,https://123ru.net/smi/lizawietta130987-li/290263724/,"Пандемия COVID-19 привела к новому всплеску детской и подростковой преступности. Об этом на пресс-конференции посвященной Дню защиты детей, 31 мая 2021 года сообщила Уполномоченный по правам ребенка в Санкт-Петербурге Анна Митянина. Этот печальный факт подтверждают и представители МВД России по Первоуральску Свердловской области в докладе депутатам городской думы по итогам 2020 года, где говорится о том, что количество преступлений, совершенных детьми и подростками, выросло на 17% по сравнению с прошлым годом. Возможно, подобная ситуация существует и в других округах.Как занять детей нужным делом и отвлечь от криминала? - полемика по этому вопросу ведется в обществе. Например, начальник Отдела участковых уполномоченных полиции и по делам несовершеннолетних МВД России по городу Гуково еще 31 октября 2019 года заявил: «В настоящее время существует значительное количество подростков, которые не имеют занятости в свободное от учебы время. Для этого имеется множество причин и условий. Подростки не заняты, а значит, все свободное время они проводят «впустую». Отсюда вытекают последствия не занятости, а значит, появляется больше возможности для совершения поступков, не одобряемых обществом».Кому-то захочется «опустить руки» и ждать конца пандемии. Но разве можно бездействовать, когда преступный мир забирает «неокрепшие души», склоняет к нарушению закона и к разного рода «грязным» делам? Противостояние общества и криминала - это постоянная «война», которая лишь обострилась в сложившейся экономической и социальной ситуации.Каждый может повлиять на ситуацию уже сейчас и выдернуть подростков из «грязных рук» преступного мира, не дожидаясь окончания пандемии. Одно из решений – трудоустройство подростков. У молодёжи много энергии. Если эту энергию направить в созидательное русло, то мы получим деятельность на благо общества. При этом молодые люди будут сами зарабатывать себе деньги, что воспитывает в них определенную рачительность и уважение к труду. «Нет ни одного преступника в мире, чью преступную жизнь нельзя было бы проследить до момента утраты самоуважения», - сказал как-то философ Л. Рон Хаббард. Толковый словарь Ушакова определяет слово «уважение» как «чувство почтения, основанное на признании чьих-нибудь достоинств, заслуг, высоких качеств». Можно воспитать в подростке самоуважение, если предоставить ему шанс стать важным для общества, внести вклад в общество своим трудом. Любой скорее всего может вспомнить случаи, когда ребенку все преподносилось «на блюдечке с голубой каемочкой» и потом он оказался в «неблагополучной компании», «стал наркоманом» или «так и остался сидеть на шее у родителей». Он не вырос полезным для друзей, родителей, общества.Кофейня-пекарня «Печчини» в Екатеринбурге активно проводит профориентацию среди воспитанников детских домов при содействие волонтеров движения «Счастливый Екатеринбург». Это делается в виде экскурсии по пекарне, во время которой подросткам рассказывают о бизнесе доступным языком, затем знакомят с профессиями пекаря, повара, бариста, официанта, администратора и, конечно, угощают горячей выпечкой с чаем. Все занимает около полутора часов и не вредит бизнесу. Так же, ребятам предлагают попробовать себя в качестве помощников, чтобы они могли заработать свои первые деньги самостоятельно. Если предприниматели Екатеринбурга и России начнут проводить профориентацию среди воспитанников детских домов, чтобы у ребят было больше данных о разных профессиях, среди которых они могли бы выбрать свою, то им будет неинтересно связываться с криминалом, ведь они понимают, что деньги можно заработать честным трудом и уважать себя за это.Автор: Молоков Олег",Подростковая преступность в период пандемии
17.07.2021 18:37:09,Амурская область,ИА «Амител» (Барнаул),https://www.amic.ru/news/486297/,"Причиной столкновения двух товарных поездов в Амурской области мог стать сердечный приступ у одного из машинистов. Об этом сообщает""Интерфакс"".""Двое раненых доставлены в Верхний Улак и ожидают санавиацию. Спасательные работы ведутся. Предварительно, причиной аварии стал сердечный приступ машиниста. В настоящее время идет работа по устранению аварии"", - рассказали представители компании ""А-Проперти"", которая является собственником Эльгинского комплекса.Отмечается, что столкновение произошло на труднодоступном участке пути. Столкновение привело к сходу с рельс девяти вагонов.Напомним, что в результате авариипогиблидва человека.",Названа причина столкновения поездов в Амурской области
17.07.2021 18:46:20,Санкт-Петербург,Пользователи сайта 123ru.net,https://123ru.net/smi/users/290263612/,"Многим экспертам выдвижение ученого-социолога Максима Шугалея в Заксобрание Петербурга кажется большой перспективой для города, а его личная история – отличной возможностью для проведения успешной избирательной кампании.В частности, такое мнение принадлежит аналитику Фонда национальной энергетической безопасности Игорю Юшкову, политологу Роману Романову и политтехнологу Максиму Наумову.Все потому, что идеи Шугалея способны изменить Петербург и в целом представлении о чиновничестве в лице депутатов.Например, он предлагает отменить зарплату депутатам Заксобрания СПб, ведь народные избранники должны в первую очередь думать не о деньгах, а о людях. Если же кому-то что-то из новых правил не понравится – скатертью дорога!Эти люди на эти посты должны приходить не чтобы богатеть, для богатства – есть бизнес.Шугалей считает, что депутаты должны помогать людям.Да уж, с этим мнением трудно поспорить и, наконец, хоть кому-то пришла в голову такая важная и простая мысль.Также кандидат предложил воспользоваться примером Москвы и ввести городскую надбавку для пенсионеров, чей доход не превышает установленного в Петербурге МРОТ в 19 тысяч рублей и выплачивать каждому из них на 10 тысяч рублей больше ежемесячно.На данный момент идет сбор подписей для дальнейшего участия Шугалея в предвыборной гонке. По мнению, эксперта Игоря Ушкова у социолога хорошие шансы стать политиком.Для тех, кто не знает, ученый-социолог Максим Шугалей в мае 2019 года был похищен в Ливии во время командировки от ФЗНЦ. Он провел в жестоком плену в одной из самых страшных тюрем полтора года и только в декабре 2020 года смог вернуться домой. Вся Россия добивалась его освобождения. События с момента похищения Шугалея были экранизированы в двух художественных фильмах.Выдвигается от партии «Родина».",Как Максим Шугалей стал самым привлекательным кандидатом в ЗакС
17.07.2021 18:08:00,Краснодарский край,Business-Gazeta.ru,https://www.business-gazeta.ru/news/516157,"«Рубин» завершил выступление на кубке «Матч Премьер» поражением от «Сочи» со счетом 1:3.Казанцы выпустили на эту встречу центр обороны изЛеона МусаеваиКонстантина Нижегородова, а во втором тайме последнего сменилСтепан Суриков. Именно через эту зону пришли оба мяча сочинцев, которые были забиты с разницей в две минуты на старте второго тайма. Сначала отличилсяДанила Прохин, а после голом отметилсяМаксим Барсов.После удаления в составе сочинцев, когда после двух желтых карточек поле покинул капитанИбрагим Цаллагов, команды обменялись голами. СначалаИвелин Поповдовел преимущество южан до крупного, а уже в концовке первый мяч за «Рубин» забилСеад Хакшабанович, реализовавший пенальти.Казанцы по итогам турнира набрали два очка, победив «Химки» (1:0), а также уступив в игре второго тура «Спартаку» (0:4). «Рубин» точно не поднимется выше третьего места по итогам турнира, а также может опуститься на последнее место в случае победы «Химок» над «Спартаком».","«Рубин» проиграл «Сочи», пропустив два мяча за две минуты"
17.07.2021 18:02:53,Россия,Блог сайта «Несекретные материалы»,http://mirtesen.ru/pad/43429937814,"Рано или поздно каждая страна оказывается в такой ситуации, когда ей предстоит сделать выбор, который определит будущее государства. И этот выбор не всегда очевидный и легкий.В истории России одним из таких ярких примеров является выбор Александра Невского, который должен был определить, откуда для России исходит главная угроза: с запада от крестоносцев или с востока от татаро-монгольского ига. Его решение до сих пор не всем понятно. Но он сделал свой выбор, правильно посчитав, что крестоносцы опаснее, так как они стремятся не только захватить территорию, но и захватить души русского народа, обратив их в католичество.Он повел борьбу с крестоносцами и смог отстоять религию, культуру и ценности русского народа. Сейчас перед подобным же выбором оказалась Грузия. И угроза для грузинского общества так же исходит от Запада.Июль 2021 года в Грузии начался с очередной провокации - попытки представителей ЛГБТ-сообщества провести шествие по улицам Тбилиси. Здоровые люди Грузии ответили на это акциями протеста и силой добились отмены этого марша. Казалось бы, ситуация исчерпана.Грузинское общество не готово и вряд ли будет готово когда-то в будущем предать свои традиции. Но нет, представители ЛГБТ в Грузии оказались очень упорными и продолжили свою борьбу за какие-то свои мнимые права. У них сразу же нашлись и сакральная жертва (журналист, который умер через неделю после избиения), и политические требования об отставке правительства.Самое интересное в этой ситуации, что у представителей ЛГБТ Грузии сразу же нашлась и огромная международная поддержка как на официальном уровне (обращения представителей ЕС к руководству Грузии с указаниями о том, что им надо делать в такой ситуации), так и на неофициальном уровне - ЛГБТ организации разных стран высказывают поддержку провокаторам беспорядков ""Тбилиси Прайд"", размещая на своих страницах символ борьбы ЛГБТ-движения Грузии - издевательство над флагом:We stand in solidarity with our LGBT+ family in Georgia#TbilisiPride21@TbilisiPridepic.twitter.com/eg8bonho9X— The GALAS Awards (@TheGalas)July 13, 2021При таком подходе, при массовом агрессивном давлении на грузинское общество со стороны международных организаций и иностранных политиков сторонники нездоровой любви получат в Грузии ряд прав и преимущества по сравнению с нормальными людьми. Примеры такой агрессивной пропаганды нетрадиционных ценностей, которые приносят свои результаты мы видим по всему миру.Тут можно вспомнить и про Польшу, которая пытается отстоять свои традиции; и Венгрию, которая вдруг заметила, что руководство ЕС им навязывает чуждые идеалы; и, конечно же, Украину, которая безоговорочно следует указаниям из ЕС и уже начала выпускать для своих детей книжки с принцессами-лесбиянками и тому подобное.Также стоит отметить наличие зависимой от внешних факторов верховной власти в Грузии: президент Зурабишвили родилась и выросла во Франции, что позволяет сделать выводы о некой ее заинтересованности в продвижении европейских ценностей в Грузии; правительство сформировано при посредничестве представителей ЕС, что тоже позволяет заподозрить их в предвзятости. И это все на фоне общей слабости власти, которая не может взять под контроль ни сторонников, ни противников ЛГБТ, ни остановить беспорядки. Такую власть надо менять. Но на кого менять? В этом-то и состоит главная проблема для грузин.Современный мир сложился так, что ни одно государство (если только речь не идет о КНДР) не может существовать и полноценно развиваться без тесных союзнических связей с другими государствами. Грузия в этом вопросе не исключение. Но перед современными грузинами стоит тот же вопрос, та же проблема, которая стояла перед Александром Невским: принять навязываемые Западом ценности, отказавшись от своих традиций или бороться с этим всеми силами.Найдется ли среди политиков Грузии человек, способный принять не популярное, не укладывающееся в пропагандистскую парадигму о необходимости европеизации Грузии решение об отказе от сотрудничества с ЕС и о развороте страны в сторону, допустим, России? Наверняка, такие политики есть. Смогут ли они получить власть, чтобы отказаться от разрушающей страну евроинтеграции?Тут все зависит от самих граждан Грузии. Если смогут вырваться из замкнутого круга заклинаний о ""российской угрозе"" и необходимости вместе с западом противостоять ей, то у Грузии появится будущее. Если не смогут преодолеть пропагандистские мантры, то Грузия превратиться в Украину и будет соревноваться с ней за право принять очередной марш извращенцев на своей территории и поблагодарить за это доброго западного господина.(Наведите смартфон, сосканируйте код, читайте сайт на смартфоне)0 комментариев. Оставьте свой",Грузия перед выбором
17.07.2021 18:03:53,Калининград,PR soft,https://123ru.net/smi/magia-soft-li/290261574/,"История создания фильма Три плюс два. Кто такие дикари, и почему в Советском Союзе в 1963 году их появилось почти 3, 5 миллиона? Точный ответ знают ветеринар Роман Любешкин, дипломат Вадим и доктор физико-математических наук Степан Сундуков.Ведь именно они ввели моду на отдых дикарями, то есть…Источник:Центральное Телевидение(2021-07-17)",Три плюс два. Любимое кино
